브랜드명,키워드1,키워드2,키워드3,키워드4,키워드5,키워드6,키워드7,키워드8,키워드9,키워드10,키워드11,키워드12,키워드13,키워드14,키워드15,키워드16,키워드17,키워드18,키워드19,키워드20,키워드21
라코스테,라코스테 -직구 -공구 -일기 -할인코드 -품절 -샤토 -세세한정보,라코스테 -직구 -공구 -일기 -할인코드 -품절 -샤토,라코스테 -직구 -공구 -일기 -할인코드 -품절,라코스테 -직구 -공구 -일기 -할인코드,라코스테 -직구 -공구 -일기,라코스테 -직구 -공구,라코스테 -직구,라코스테,,,,,,,,,,,,,
빈폴,빈폴 -일기 -직구 -할인코드 -공구 -품절 빈폴 리조트 -AS,빈폴 -일기 -직구 -할인코드 -공구 -품절 빈폴 리조트,빈폴 -일기 -직구 -할인코드 -공구 -품절 빈폴,빈폴 -일기 -직구 -할인코드 -공구 -품절,빈폴 -일기 -직구 -할인코드 -공구,빈폴 -일기 -직구 -할인코드,빈폴 -일기 -직구,빈폴 -일기,빈폴,,,,,,,,,,,,
타미힐피거,타미힐피거 -직구 -할인코드 -공구 -품절 -괌,타미힐피거 -직구 -할인코드 -공구 -품절,타미힐피거 -직구 -할인코드 -공구,타미힐피거 -직구 -할인코드,타미힐피거 -직구,타미힐피거,,,,,,,,,,,,,,,
폴로 랄프 로렌,폴로 랄프로렌 -직구 -공구 -일기 -할인코드 -품절 -랄프스,폴로 랄프로렌 -직구 -공구 -일기 -할인코드 -품절,폴로 랄프로렌 -직구 -공구 -일기 -할인코드,폴로 랄프로렌 -직구 -공구 -일기,폴로 랄프로렌 -직구 -공구,폴로 랄프로렌 -직구,폴로 랄프로렌,폴로,,,,,,,,,,,,,
헤지스,헤지스 Hazzys -직구 -공구 -일기 -할인코드 -품절 -얼룩빼기,헤지스 Hazzys -직구 -공구 -일기 -할인코드 -품절,헤지스 Hazzys -직구 -공구 -일기 -할인코드,헤지스 Hazzys -직구 -공구 -일기,헤지스 Hazzys -직구 -공구,헤지스 Hazzys -직구,헤지스 Hazzys,헤지스,,,,,,,,,,,,,
브룩스브라더스,브룩스브라더스 -직구 -공구 -일기 -할인코드 -품절 -의류 정보 -허리단면 -가격 단면,브룩스브라더스 -직구 -공구 -일기 -할인코드 -품절 -의류 정보 -허리단면 -가격,브룩스브라더스 -직구 -공구 -일기 -할인코드 -품절 -의류 정보 -허리단면,브룩스브라더스 -직구 -공구 -일기 -할인코드 -품절 -의류 정보,브룩스브라더스 -직구 -공구 -일기 -할인코드 -품절 -의류,브룩스브라더스 -직구 -공구 -일기 -할인코드 -품절,브룩스브라더스 -직구 -공구 -일기 -할인코드,브룩스브라더스 -직구 -공구 -일기,브룩스브라더스 -직구 -공구,브룩스브라더스 -직구,브룩스브라더스,,,,,,,,,,
시리즈,시리즈 Series 옷 -직구 -공구 -일기 -할인코드 -품절 -선착순 -서커스 -할로윈 -프로기 -OFF -피규어 -넷플릭스 -병원 -태국드라마 -비포,시리즈 Series 옷 -직구 -공구 -일기 -할인코드 -품절 -선착순 -서커스 -할로윈 -프로기 -OFF -피규어 -넷플릭스 -병원 -태국드라마,시리즈 Series 옷 -직구 -공구 -일기 -할인코드 -품절 -선착순 -서커스 -할로윈 -프로기 -OFF -피규어 -넷플릭스 -병원,시리즈 Series 옷 -직구 -공구 -일기 -할인코드 -품절 -선착순 -서커스 -할로윈 -프로기 -OFF -피규어 -넷플릭스,시리즈 Series 옷 -직구 -공구 -일기 -할인코드 -품절 -선착순 -서커스 -할로윈 -프로기 -OFF -피규어,시리즈 Series 옷 -직구 -공구 -일기 -할인코드 -품절 -선착순 -서커스 -할로윈 -프로기 -OFF,시리즈 Series 옷 -직구 -공구 -일기 -할인코드 -품절 -선착순 -서커스 -할로윈 -프로기,시리즈 Series 옷 -직구 -공구 -일기 -할인코드 -품절 -선착순 -서커스 -할로윈,시리즈 Series 옷 -직구 -공구 -일기 -할인코드 -품절 -선착순 -서커스,시리즈 Series 옷 -직구 -공구 -일기 -할인코드 -품절 -선착순,시리즈 Series 옷 -직구 -공구 -일기 -할인코드 -품절,시리즈 Series 옷 -직구 -공구 -일기 -할인코드,시리즈 Series 옷 -직구 -공구 -일기,시리즈 Series 옷 -직구 -공구,시리즈 Series 옷 -직구,시리즈 Series 옷,시리즈 Series,시리즈,,,
안데르센안데르센,안데르센 안데르센' -직구 -공구 -일기 -할인코드 -침대 -동화 -빵 -소파 -박물관,안데르센 안데르센' -직구 -공구 -일기 -할인코드 -침대 -동화 -빵 -소파,안데르센 안데르센' -직구 -공구 -일기 -할인코드 -침대 -동화 -빵,안데르센 안데르센' -직구 -공구 -일기 -할인코드 -침대 -동화,안데르센 안데르센' -직구 -공구 -일기 -할인코드 -침대,안데르센 안데르센' -직구 -공구 -일기 -할인코드,안데르센 안데르센' -직구 -공구 -일기,안데르센 안데르센' -직구 -공구,안데르센 안데르센' -직구,안데르센 안데르센',안데르센,,,,,,,,,,
질스튜어트,질 스튜어트 -직구 -공구 -일기 -할인코드 -안경 -화장품 -뷰티 -카드지갑,질 스튜어트 -직구 -공구 -일기 -할인코드 -안경 -화장품 -뷰티,질 스튜어트 -직구 -공구 -일기 -할인코드 -안경 -화장품,질 스튜어트 -직구 -공구 -일기 -할인코드 -안경,질 스튜어트 -직구 -공구 -일기 -할인코드,질 스튜어트 -직구 -공구 -일기,질 스튜어트 -직구 -공구,질 스튜어트 -직구,질 스튜어트,질,,,,,,,,,,,
헨리코튼,헨리코튼 -직구 -공구 -일기 -할인코드,헨리코튼 -직구 -공구 -일기,헨리코튼 -직구 -공구,헨리코튼 -직구,헨리코튼,,,,,,,,,,,,,,,,
에디션,에디션 센서빌리티 -직구 -공구 -할인코드 -일기 -주얼리 -핫딜,에디션 센서빌리티 -직구 -공구 -할인코드 -일기 -주얼리,에디션 센서빌리티 -직구 -공구 -할인코드 -일기,에디션 센서빌리티 -직구 -공구 -할인코드,에디션 센서빌리티 -직구 -공구,에디션 센서빌리티 -직구,에디션 센서빌리티,에디션,,,,,,,,,,,,,
지이크1,지이크 -직구 -공구 -일기 -할인코드 -핫딜 -발탁 -신원 -바그너 -팬사인회 -후원,지이크 -직구 -공구 -일기 -할인코드 -핫딜 -발탁 -신원 -바그너 -팬사인회,지이크 -직구 -공구 -일기 -할인코드 -핫딜 -발탁 -신원 -바그너,지이크 -직구 -공구 -일기 -할인코드 -핫딜 -발탁 -신원,지이크 -직구 -공구 -일기 -할인코드 -핫딜 -발탁,지이크 -직구 -공구 -일기 -할인코드 -핫딜,지이크 -직구 -공구 -일기 -할인코드,지이크 -직구 -공구 -일기,지이크 -직구 -공구,지이크 -직구,지이크,,,,,,,,,,
스톤 아일랜드,스톤 아일랜드 -직구 -공구 -일기 -할인코드 -입점예정 -여수 -엔지니어드 -복원 -입고 -출발 -애견 -정가품,스톤 아일랜드 -직구 -공구 -일기 -할인코드 -입점예정 -여수 -엔지니어드 -복원 -입고 -출발 -애견,스톤 아일랜드 -직구 -공구 -일기 -할인코드 -입점예정 -여수 -엔지니어드 -복원 -입고 -출발,스톤 아일랜드 -직구 -공구 -일기 -할인코드 -입점예정 -여수 -엔지니어드 -복원 -입고,스톤 아일랜드 -직구 -공구 -일기 -할인코드 -입점예정 -여수 -엔지니어드 -복원,스톤 아일랜드 -직구 -공구 -일기 -할인코드 -입점예정 -여수 -엔지니어드,스톤 아일랜드 -직구 -공구 -일기 -할인코드 -입점예정 -여수,스톤 아일랜드 -직구 -공구 -일기 -할인코드 -입점예정,스톤 아일랜드 -직구 -공구 -일기 -할인코드,스톤 아일랜드 -직구 -공구 -일기,스톤 아일랜드 -직구 -공구,스톤 아일랜드 -직구,스톤 아일랜드,스톤,,,,,,,
폴 스미스,폴 스미스 Paul Smith -전시 -시계 -안경 -조명 -미국LA -공구 -직구 -할인코드 -향수 -여행,폴 스미스 Paul Smith -전시 -시계 -안경 -조명 -미국LA -공구 -직구 -할인코드 -향수,폴 스미스 Paul Smith -전시 -시계 -안경 -조명 -미국LA -공구 -직구 -할인코드,폴 스미스 Paul Smith -전시 -시계 -안경 -조명 -미국LA -공구 -직구,폴 스미스 Paul Smith -전시 -시계 -안경 -조명 -미국LA -공구,폴 스미스 Paul Smith -전시 -시계 -안경 -조명 -미국LA,폴 스미스 Paul Smith -전시 -시계 -안경 -조명,폴 스미스 Paul Smith -전시 -시계 -안경,폴 스미스 Paul Smith -전시 -시계,폴 스미스 Paul Smith -전시,폴 스미스 Paul Smith,폴 스미스 Paul,폴 스미스,폴,,,,,,,
아크네 스튜디오,아크네 스튜디오 -공구 -직구 -일기 -할인코드,아크네 스튜디오 -공구 -직구 -일기,아크네 스튜디오 -공구 -직구,아크네 스튜디오 -공구,아크네 스튜디오,아크네,,,,,,,,,,,,,,,
APC,APC 아페쎄 -공구 -직구 -일기 -할인코드 -얼룩제거 -파리 -횟집 -골프 -카페 -딜,APC 아페쎄 -공구 -직구 -일기 -할인코드 -얼룩제거 -파리 -횟집 -골프 -카페,APC 아페쎄 -공구 -직구 -일기 -할인코드 -얼룩제거 -파리 -횟집 -골프,APC 아페쎄 -공구 -직구 -일기 -할인코드 -얼룩제거 -파리 -횟집,APC 아페쎄 -공구 -직구 -일기 -할인코드 -얼룩제거 -파리,APC 아페쎄 -공구 -직구 -일기 -할인코드 -얼룩제거,APC 아페쎄 -공구 -직구 -일기 -할인코드,APC 아페쎄 -공구 -직구 -일기,APC 아페쎄 -공구 -직구,APC 아페쎄 -공구,APC 아페쎄,APC,,,,,,,,,
메종 키츠네,메종 키츠네 -공구 -직구 -일기 -할인코드,메종 키츠네 -공구 -직구 -일기,메종 키츠네 -공구 -직구,메종 키츠네 -공구,메종 키츠네,메종,,,,,,,,,,,,,,,
칼하트,칼하트 -공구 -직구 -일기 -할인코드 -잠실 -파리 -키링 -코스 -제주도 -시드니 -일본,칼하트 -공구 -직구 -일기 -할인코드 -잠실 -파리 -키링 -코스 -제주도 -시드니,칼하트 -공구 -직구 -일기 -할인코드 -잠실 -파리 -키링 -코스 -제주도,칼하트 -공구 -직구 -일기 -할인코드 -잠실 -파리 -키링 -코스,칼하트 -공구 -직구 -일기 -할인코드 -잠실 -파리 -키링,칼하트 -공구 -직구 -일기 -할인코드 -잠실 -파리,칼하트 -공구 -직구 -일기 -할인코드 -잠실,칼하트 -공구 -직구 -일기 -할인코드,칼하트 -공구 -직구 -일기,칼하트 -공구 -직구,칼하트 -공구,칼하트,,,,,,,,,
지이크2,지이크 sieg -정장 -공구 -직구 -일기 -할인코드 -[판매] -투자 -균일가 -팬사인회 -커피 -철거 -바그너 -팝업스토어 -물류창고 -회사 -수선비 -후원 -수선 -커피,지이크 sieg -정장 -공구 -직구 -일기 -할인코드 -[판매] -투자 -균일가 -팬사인회 -커피 -철거 -바그너 -팝업스토어 -물류창고 -회사 -수선비 -후원 -수선,지이크 sieg -정장 -공구 -직구 -일기 -할인코드 -[판매] -투자 -균일가 -팬사인회 -커피 -철거 -바그너 -팝업스토어 -물류창고 -회사 -수선비 -후원,지이크 sieg -정장 -공구 -직구 -일기 -할인코드 -[판매] -투자 -균일가 -팬사인회 -커피 -철거 -바그너 -팝업스토어 -물류창고 -회사 -수선비,지이크 sieg -정장 -공구 -직구 -일기 -할인코드 -[판매] -투자 -균일가 -팬사인회 -커피 -철거 -바그너 -팝업스토어 -물류창고 -회사,지이크 sieg -정장 -공구 -직구 -일기 -할인코드 -[판매] -투자 -균일가 -팬사인회 -커피 -철거 -바그너 -팝업스토어 -물류창고,지이크 sieg -정장 -공구 -직구 -일기 -할인코드 -[판매] -투자 -균일가 -팬사인회 -커피 -철거 -바그너 -팝업스토어,지이크 sieg -정장 -공구 -직구 -일기 -할인코드 -[판매] -투자 -균일가 -팬사인회 -커피 -철거 -바그너,지이크 sieg -정장 -공구 -직구 -일기 -할인코드 -[판매] -투자 -균일가 -팬사인회 -커피 -철거,지이크 sieg -정장 -공구 -직구 -일기 -할인코드 -[판매] -투자 -균일가 -팬사인회 -커피,지이크 sieg -정장 -공구 -직구 -일기 -할인코드 -[판매] -투자 -균일가 -팬사인회,지이크 sieg -정장 -공구 -직구 -일기 -할인코드 -[판매] -투자 -균일가,지이크 sieg -정장 -공구 -직구 -일기 -할인코드 -[판매] -투자,지이크 sieg -정장 -공구 -직구 -일기 -할인코드 -[판매],지이크 sieg -정장 -공구 -직구 -일기 -할인코드,지이크 sieg -정장 -공구 -직구 -일기,지이크 sieg -정장 -공구 -직구,지이크 sieg -정장 -공구,지이크 sieg -정장,지이크 sieg,지이크
스튜디오 톰보이,스튜디오 톰보이 -직구 -공구 -할인코드 -일기 -할인정보,스튜디오 톰보이 -직구 -공구 -할인코드 -일기,스튜디오 톰보이 -직구 -공구 -할인코드,스튜디오 톰보이 -직구 -공구,스튜디오 톰보이 -직구,스튜디오 톰보이,스튜디오,,,,,,,,,,,,,,
커스텀멜로우,커스텀멜로우 -정장 -직구 -공구 -할인코드 -수선 -팝업스토어 -전광판 -일기 -할인정보 -오브제 -음식점,커스텀멜로우 -정장 -직구 -공구 -할인코드 -수선 -팝업스토어 -전광판 -일기 -할인정보 -오브제,커스텀멜로우 -정장 -직구 -공구 -할인코드 -수선 -팝업스토어 -전광판 -일기 -할인정보,커스텀멜로우 -정장 -직구 -공구 -할인코드 -수선 -팝업스토어 -전광판 -일기,커스텀멜로우 -정장 -직구 -공구 -할인코드 -수선 -팝업스토어 -전광판,커스텀멜로우 -정장 -직구 -공구 -할인코드 -수선 -팝업스토어,커스텀멜로우 -정장 -직구 -공구 -할인코드 -수선,커스텀멜로우 -정장 -직구 -공구 -할인코드,커스텀멜로우 -정장 -직구 -공구,커스텀멜로우 -정장 -직구,커스텀멜로우 -정장,커스텀멜로우,,,,,,,,,
Coor,coor 쿠어 -직구 -공구 -할인코드 -수선 -쇼룸 -성수,coor 쿠어 -직구 -공구 -할인코드 -수선 -쇼룸,coor 쿠어 -직구 -공구 -할인코드 -수선,coor 쿠어 -직구 -공구 -할인코드,coor 쿠어 -직구 -공구,coor 쿠어 -직구,coor 쿠어,coor,,,,,,,,,,,,,
앤더슨벨,앤더슨벨 -직구 -공구 -할인코드 -수선 -팝업 -플래그십 -지름 -카리나 -우산,앤더슨벨 -직구 -공구 -할인코드 -수선 -팝업 -플래그십 -지름 -카리나,앤더슨벨 -직구 -공구 -할인코드 -수선 -팝업 -플래그십 -지름,앤더슨벨 -직구 -공구 -할인코드 -수선 -팝업 -플래그십,앤더슨벨 -직구 -공구 -할인코드 -수선 -팝업,앤더슨벨 -직구 -공구 -할인코드 -수선,앤더슨벨 -직구 -공구 -할인코드,앤더슨벨 -직구 -공구,앤더슨벨 -직구,앤더슨벨,,,,,,,,,,,
아더에러,아더에러 -직구 -공구 -할인코드 -수선 -팝업 -가볼만한곳,아더에러 -직구 -공구 -할인코드 -수선 -팝업,아더에러 -직구 -공구 -할인코드 -수선,아더에러 -직구 -공구 -할인코드,아더에러 -직구 -공구,아더에러 -직구,아더에러,,,,,,,,,,,,,,
드로우핏,드로우핏 -직구 -공구 -할인코드 -수선 -무료주차,드로우핏 -직구 -공구 -할인코드 -수선,드로우핏 -직구 -공구 -할인코드,드로우핏 -직구 -공구,드로우핏 -직구,드로우핏,,,,,,,,,,,,,,,
인사일러스,인사일런스 -직구 -공구 -할인코드 -수선 -무료주차 -샘플세일,인사일런스 -직구 -공구 -할인코드 -수선 -무료주차,인사일런스 -직구 -공구 -할인코드 -수선,인사일런스 -직구 -공구 -할인코드,인사일런스 -직구 -공구,인사일런스 -직구,인사일런스,,,,,,,,,,,,,,
브라운야드,브라운야드 -직구 -공구 -할인코드 -수선 -팝업 소식 -발매예정 -7월 -검단신도시 -근황 -세일 소식 -입하소식 -입고,브라운야드 -직구 -공구 -할인코드 -수선 -팝업 소식 -발매예정 -7월 -검단신도시 -근황 -세일 소식 -입하소식,브라운야드 -직구 -공구 -할인코드 -수선 -팝업 소식 -발매예정 -7월 -검단신도시 -근황 -세일 소식,브라운야드 -직구 -공구 -할인코드 -수선 -팝업 소식 -발매예정 -7월 -검단신도시 -근황 -세일,브라운야드 -직구 -공구 -할인코드 -수선 -팝업 소식 -발매예정 -7월 -검단신도시 -근황,브라운야드 -직구 -공구 -할인코드 -수선 -팝업 소식 -발매예정 -7월 -검단신도시,브라운야드 -직구 -공구 -할인코드 -수선 -팝업 소식 -발매예정 -7월,브라운야드 -직구 -공구 -할인코드 -수선 -팝업 소식 -발매예정,브라운야드 -직구 -공구 -할인코드 -수선 -팝업 소식,브라운야드 -직구 -공구 -할인코드 -수선 -팝업,브라운야드 -직구 -공구 -할인코드 -수선,브라운야드 -직구 -공구 -할인코드,브라운야드 -직구 -공구,브라운야드 -직구,브라운야드,,,,,,
마르디 메크르디,마르디 메크르디 -직구 -공구 -할인코드 -일기 -오픈 -안유진,마르디 메크르디 -직구 -공구 -할인코드 -일기 -오픈,마르디 메크르디 -직구 -공구 -할인코드 -일기,마르디 메크르디 -직구 -공구 -할인코드,마르디 메크르디 -직구 -공구,마르디 메크르디 -직구,마르디 메크르디,마르디,,,,,,,,,,,,,
마뗑킴,마뗑킴 -직구 -공구 -할인코드 -일기 -황금손,마뗑킴 -직구 -공구 -할인코드 -일기,마뗑킴 -직구 -공구 -할인코드,마뗑킴 -직구 -공구,마뗑킴 -직구,마뗑킴,,,,,,,,,,,,,,,
포터리,포터리 pottery -직구 -공구 -할인코드 -일기,포터리 pottery -직구 -공구 -할인코드,포터리 pottery -직구 -공구,포터리 pottery -직구,포터리 pottery,포터리,,,,,,,,,,,,,,,
